,artist_uri,genres,popularity,followers
0,spotify:artist:25CQYerNOaucOLHuEuvC9P,['cumbia villera'],45,68434
1,spotify:artist:2FS22haX3FYbyOsUAkuYqZ,"['argentine rock', 'latin alternative', 'latin rock', 'rock en espanol', 'ska argentino']",67,2633939
2,spotify:artist:25CQYerNOaucOLHuEuvC9P,['cumbia villera'],45,68434
3,spotify:artist:0mdD8YXAyJDJ2BHxIKF0Yf,"['argentine rock', 'folclore santiagueno', 'folklore argentino', 'rock en espanol', 'rock nacional']",51,169413
4,spotify:artist:4oha1qZP28nRUeG6IASeV0,['folklore argentino'],25,5212
5,spotify:artist:2ydE5oBt6cwsDxH1TpIFmO,"['argentine rock', 'folclore salteno', 'folklore argentino']",56,514292
6,spotify:artist:2ydE5oBt6cwsDxH1TpIFmO,"['argentine rock', 'folclore salteno', 'folklore argentino']",56,514292
7,spotify:artist:46beGPwcX2QEZcmuvrMqp4,"['orquesta tipica', 'tango', 'vintage tango']",40,38305
8,spotify:artist:2HO9rAU2R7CRnmhx0ytN41,"['latin classical', 'tango', 'vintage tango']",39,48255
9,spotify:artist:46beGPwcX2QEZcmuvrMqp4,"['orquesta tipica', 'tango', 'vintage tango']",40,38305
10,spotify:artist:46beGPwcX2QEZcmuvrMqp4,"['orquesta tipica', 'tango', 'vintage tango']",40,38305
11,spotify:artist:1Mt6JeVWV9Tvgk8ercp5O9,"['argentine rock', 'cantautor', 'rock en espanol', 'rock nacional', 'trova']",47,112348
12,spotify:artist:793ACUr9nbTLP7KZUddXzU,"['chamame', 'folclore tucumano', 'folklore argentino', 'zamba']",37,67236
13,spotify:artist:0PEtkVtJ4LN3JrC8EkM6lC,"['chamame', 'folklore argentino']",35,12335
14,spotify:artist:6qYd7xlmeeeDkPfx6mZ9PV,"['argentine heavy metal', 'argentine metal', 'argentine rock', 'latin alternative', 'latin metal', 'rock en espanol', 'rock nacional']",51,184109
15,spotify:artist:1poWksyUHxANlcdBLPhsV9,['cumbia villera'],56,353976
16,spotify:artist:30fEdZPXgWfC4sNttcyB3C,"['argentine rock', 'latin alternative', 'latin rock', 'rock en espanol', 'rock nacional']",62,1334832
17,spotify:artist:5DeRKZrVXp7WP1Y440UwLc,[],30,999
18,spotify:artist:1GlOpg3dPUft550esb82K3,"['cumbia villera', 'folclore salteno', 'folklore argentino']",58,449690
19,spotify:artist:0G7A5LzQAs2egiQl7hO5tV,"['argentine rock', 'latin alternative', 'latin rock', 'post-punk argentina', 'rock en espanol', 'rock nacional']",59,257766
20,spotify:artist:0G7A5LzQAs2egiQl7hO5tV,"['argentine rock', 'latin alternative', 'latin rock', 'post-punk argentina', 'rock en espanol', 'rock nacional']",59,257766
21,spotify:artist:0iutktJLkNNtErs8c3EoF6,"['cumbia andina mexicana', 'folclore jujeno', 'folklore argentino']",48,242415
22,spotify:artist:4wLXwxDeWQ8mtUIRPxGiD6,"['latin pop', 'modern salsa', 'salsa', 'tropical']",77,8005189
23,spotify:artist:40FzPNKgu0k9VMvvidiKCl,"['dominican pop', 'merengue', 'tropical']",51,249692
24,spotify:artist:2WrKqjMRKr5MitNYaNgvl3,"['latin pop', 'rumba', 'spanish pop', 'spanish pop rock']",49,221887
25,spotify:artist:07S2B15CcvWG4jyfMhqx8X,"['argentine rock', 'cantautor', 'musica andina chilena', 'nueva cancion', 'rock nacional', 'trova']",50,142122
26,spotify:artist:5WWSL6rElJeUk3Uc1S2RyD,"['hi-nrg', 'new romantic', 'new wave', 'new wave pop', 'synthpop']",60,327944
27,spotify:artist:07S2B15CcvWG4jyfMhqx8X,"['argentine rock', 'cantautor', 'musica andina chilena', 'nueva cancion', 'rock nacional', 'trova']",50,142122
28,spotify:artist:7MiDcPa6UiV3In7lIM71IN,"['arrocha', 'sertanejo', 'sertanejo universitario']",82,17428026
29,spotify:artist:08iTfBYGAG8Llyx6SkrY6F,[],36,9416
30,spotify:artist:08iTfBYGAG8Llyx6SkrY6F,[],36,9416
31,spotify:artist:6ZS2jERHjAaze5E4sDiz2V,['cumbia boliviana'],29,4258
32,spotify:artist:3jc496ljiyrS3ECrD7QiqL,"['flamenco', 'rumba', 'world']",66,713503
33,spotify:artist:793ACUr9nbTLP7KZUddXzU,"['chamame', 'folclore tucumano', 'folklore argentino', 'zamba']",37,67236
34,spotify:artist:62B2sz2W3zAcqGnlQtYTaO,[],43,13011
35,spotify:artist:32vWCbZh0xZ4o9gkz4PsEU,"['classic country pop', 'country', 'country dawn']",71,1922876
36,spotify:artist:0adliEy50Ij86IB3rXlR1m,[],33,1354
37,spotify:artist:0adliEy50Ij86IB3rXlR1m,[],33,1354
38,spotify:artist:7Ead768rc4ShGxnqtqccU5,['operatic pop'],57,392242
39,spotify:artist:4aP1lp10BRYZO658B2NwkG,"['broadway', 'show tunes', 'west end']",63,257107
40,spotify:artist:2tm5E77HtK7hjzlrR2rMm7,[],19,1350
41,spotify:artist:1BdR9pJcDNxxsbtzJSy3F4,[],18,121
42,spotify:artist:7EzZtsaDuv0EecScnO7wrh,['show tunes'],38,11151
43,spotify:artist:7EzZtsaDuv0EecScnO7wrh,['show tunes'],38,11151
44,spotify:artist:68h2f0WXn4zEctSgNYozXx,"['broadway', 'hollywood', 'show tunes']",54,34842
45,spotify:artist:22bE4uQ6baNwSHPVcDxLCe,"['british invasion', 'classic rock', 'rock']",78,12233730
46,spotify:artist:5M52tdBnJaKSvOpJGz8mfZ,"['album rock', 'birmingham metal', 'classic rock', 'hard rock', 'metal', 'rock', 'stoner rock', 'uk doom metal']",73,6479793
47,spotify:artist:6mdiAmATAx73kdxrNrnlao,"['hard rock', 'metal', 'nwobhm', 'rock']",74,7775029
48,spotify:artist:1cHFz6lrt7KAsBV8j2Ny1g,"['blues', 'blues rock']",56,354683
49,spotify:artist:1cHFz6lrt7KAsBV8j2Ny1g,"['blues', 'blues rock']",56,354683
50,spotify:artist:1eYhYunlNJlDoQhtYBvPsi,"['adult standards', 'classic soul', 'jazz blues', 'piano blues', 'soul', 'soul blues', 'vocal jazz']",67,1934319
51,spotify:artist:0IMlCgkOv8meUbMYENZ1zq,"['irish fiddle', 'jig and reel']",11,281
52,spotify:artist:1XpDYCrUJnvCo9Ez6yeMWh,"['alternative metal', 'comedy rock', 'comic', 'comic metal', 'parody', 'rock']",62,1483196
53,spotify:artist:4WpXr474F2fTdlgWL0034N,"['broadway', 'hollywood', 'show tunes']",43,8519
54,spotify:artist:6kACVPfCOnqzgfEF5ryl0x,"['arkansas country', 'outlaw country']",74,5523155
55,spotify:artist:1bs7HoMkSyQwcobCpE9KpN,"['brill building pop', 'bubblegum pop', 'classic rock', 'folk rock', 'mellow gold', 'psychedelic rock', 'rock', 'sunshine pop']",66,1406823
56,spotify:artist:2qFr8w5sWUITRlzZ9kZotF,"['acid rock', 'blues rock', 'classic rock', 'folk rock', 'psychedelic rock', 'rock']",60,1375564
57,spotify:artist:6tbjWDEIzxoDsBA1FuhfPW,"['dance pop', 'pop']",78,6421453
58,spotify:artist:2BTZIqw0ntH9MvilQ3ewNY,"['disco', 'new wave pop', 'permanent wave', 'soft rock']",70,2120085
59,spotify:artist:3ICflSq6ZgYAIrm2CTkfVP,"['album rock', 'blues rock', 'british invasion', 'classic rock', 'folk rock', 'protopunk', 'psychedelic rock', 'rock']",64,2093607
60,spotify:artist:11kBu957KTYoAltZHDm8gW,"['latin jazz', 'musica tradicional cubana', 'world']",62,1059791
61,spotify:artist:4oha1qZP28nRUeG6IASeV0,['folklore argentino'],25,5212
62,spotify:artist:6Ud6RjvNXVe39mKiGUb7zE,"['cumbia', 'musica popular colombiana', 'tropical']",54,207780
63,spotify:artist:64WqSGPXrSf1YbxoimVNbd,"['broadway', 'show tunes']",38,11810
64,spotify:artist:32vWCbZh0xZ4o9gkz4PsEU,"['classic country pop', 'country', 'country dawn']",71,1922876
65,spotify:artist:1HVwzNriKEjaeE06okqSpx,['chanson'],61,468567
66,spotify:artist:2jBzkHdFbKl7wup5uMpEQA,[],28,355
67,spotify:artist:2ydE5oBt6cwsDxH1TpIFmO,"['argentine rock', 'folclore salteno', 'folklore argentino']",56,514292
68,spotify:artist:7hgIkkFANPLjlyY9XbnzsI,[],3,30
69,spotify:artist:6rY0XpJeVH2RX8lNp5crTU,[],2,50
70,spotify:artist:796OSRuB0E9Hq55uTFL9U8,[],59,691278
71,spotify:artist:64rxQRJsLgZwHHyWKB8fiF,"['bubblegum dance', 'eurodance', 'europop', 'italian adult pop', 'italo dance']",62,301487
72,spotify:artist:6nDLku5uL3ou60kvCGZorh,"['alternative metal', 'comic', 'funk metal', 'funk rock', 'nu metal', 'punk', 'rap rock']",62,824335
73,spotify:artist:6tbjWDEIzxoDsBA1FuhfPW,"['dance pop', 'pop']",78,6421453
74,spotify:artist:6tbjWDEIzxoDsBA1FuhfPW,"['dance pop', 'pop']",78,6421453
75,spotify:artist:5M5PjPSiKeXynM6Ohu350r,"['bubblegum dance', 'eurodance', 'europop', 'moldovan pop']",57,92967
76,spotify:artist:3YeBTR1Q1rUxKguz4jP6UV,"['cumbia 420', 'cumbia villera']",64,1868729
77,spotify:artist:0kObWap02DEg9EAJ3PBxzf,"['album rock', 'mellow gold', 'new romantic', 'new wave pop', 'soft rock']",65,844137
78,spotify:artist:0PFtn5NtBbbUNbU9EAmIWF,"['album rock', 'classic rock', 'mellow gold', 'rock', 'soft rock', 'yacht rock']",73,2410810
79,spotify:artist:6tbjWDEIzxoDsBA1FuhfPW,"['dance pop', 'pop']",78,6421453
80,spotify:artist:3YeBTR1Q1rUxKguz4jP6UV,"['cumbia 420', 'cumbia villera']",64,1868729
81,spotify:artist:3YeBTR1Q1rUxKguz4jP6UV,"['cumbia 420', 'cumbia villera']",64,1868729
82,spotify:artist:3YeBTR1Q1rUxKguz4jP6UV,"['cumbia 420', 'cumbia villera']",64,1868729
83,spotify:artist:3oZa8Xs6IjlIUGLAhVyK4G,"['disco', 'new wave pop', 'soft rock']",62,333944
84,spotify:artist:771qBvjnXOH9Azr6lKy6FB,['hi-nrg'],61,69246
85,spotify:artist:2Mu8h5sFkOziL0Rfn7FXIA,"['argentine rock', 'cumbia santafesina', 'cumbia villera']",64,1218858
86,spotify:artist:4tpUmLEVLCGFr93o8hFFIB,"['candy pop', 'new wave', 'new wave pop', 'permanent wave', 'power pop', 'rock']",69,1167581
87,spotify:artist:4tpUmLEVLCGFr93o8hFFIB,"['candy pop', 'new wave', 'new wave pop', 'permanent wave', 'power pop', 'rock']",69,1167581
88,spotify:artist:632M26jlmnCrL8CqD5i7Kd,"['argentine heavy metal', 'argentine rock', 'latin metal', 'rock en espanol', 'rock urbano mexicano']",61,1029199
89,spotify:artist:632M26jlmnCrL8CqD5i7Kd,"['argentine heavy metal', 'argentine rock', 'latin metal', 'rock en espanol', 'rock urbano mexicano']",61,1029199
90,spotify:artist:7s652lD4v77szrPEfgMTBi,"['chicha', 'cumbia chilena', 'cumbia villera']",53,61630
91,spotify:artist:2dTieljE0C4ydCdUPIPLRW,['latin classical'],43,109
92,spotify:artist:0fIdQWpwzU2oEtsoyArDOL,"['musica mexicana', 'norteno', 'ranchera', 'tejano']",53,1251235
93,spotify:artist:58lV9VcRSjABbAbfWS6skp,"['glam metal', 'rock']",78,11329509
94,spotify:artist:58lV9VcRSjABbAbfWS6skp,"['glam metal', 'rock']",78,11329509
95,spotify:artist:58lV9VcRSjABbAbfWS6skp,"['glam metal', 'rock']",78,11329509
96,spotify:artist:7LTzUnZaptYfAFmvqW5M6D,"['new romantic', 'new wave', 'new wave pop', 'synthpop']",51,55596
97,spotify:artist:0xliTEbFfy5HQHvsTknTkX,"['europop', 'new romantic', 'new wave', 'new wave pop', 'synthpop']",64,646678
98,spotify:artist:31NJDSG3JJ4oZ978LICSGi,[],28,4210
99,spotify:artist:5vCOdeiQt9LyzdI87kt5Sh,['swedish pop'],61,382592
100,spotify:artist:6dkXCmyrSrQteo0gwOGzFl,['operatic pop'],48,118062
101,spotify:artist:2uXHqvSiPDkRXld8BAJo7L,[],0,45
102,spotify:artist:1JOQXgYdQV2yfrhewqx96o,"['classical', 'italian opera', 'italian romanticism', 'late romantic era']",62,553327
103,spotify:artist:1JOQXgYdQV2yfrhewqx96o,"['classical', 'italian opera', 'italian romanticism', 'late romantic era']",62,553327
104,spotify:artist:25MkkfEousyfp2eyh38FUl,"[""canzone d'autore"", 'classic italian pop', 'italian adult pop']",60,953791
105,spotify:artist:6zFYqv1mOsgBRQbae3JJ9e,"['classic rock', 'mellow gold', 'piano rock', 'rock', 'singer-songwriter', 'soft rock']",77,4653010
106,spotify:artist:6zFYqv1mOsgBRQbae3JJ9e,"['classic rock', 'mellow gold', 'piano rock', 'rock', 'singer-songwriter', 'soft rock']",77,4653010
107,spotify:artist:6zFYqv1mOsgBRQbae3JJ9e,"['classic rock', 'mellow gold', 'piano rock', 'rock', 'singer-songwriter', 'soft rock']",77,4653010
108,spotify:artist:6byQKddO1b34lXC2ZEjehQ,"['argentine rock', 'latin alternative', 'latin rock', 'post-punk argentina', 'rock en espanol', 'rock nacional']",67,1188150
109,spotify:artist:6byQKddO1b34lXC2ZEjehQ,"['argentine rock', 'latin alternative', 'latin rock', 'post-punk argentina', 'rock en espanol', 'rock nacional']",67,1188150
110,spotify:artist:6byQKddO1b34lXC2ZEjehQ,"['argentine rock', 'latin alternative', 'latin rock', 'post-punk argentina', 'rock en espanol', 'rock nacional']",67,1188150
111,spotify:artist:4E7iN6HP52s1kCWN85VJd0,[],0,13
112,spotify:artist:2DaxqgrOhkeH0fpeiQq2f4,"['beatlesque', 'britpop', 'madchester', 'permanent wave', 'pop rock', 'rock']",76,7830312
113,spotify:artist:6byQKddO1b34lXC2ZEjehQ,"['argentine rock', 'latin alternative', 'latin rock', 'post-punk argentina', 'rock en espanol', 'rock nacional']",67,1188150
114,spotify:artist:6byQKddO1b34lXC2ZEjehQ,"['argentine rock', 'latin alternative', 'latin rock', 'post-punk argentina', 'rock en espanol', 'rock nacional']",67,1188150
115,spotify:artist:6byQKddO1b34lXC2ZEjehQ,"['argentine rock', 'latin alternative', 'latin rock', 'post-punk argentina', 'rock en espanol', 'rock nacional']",67,1188150
116,spotify:artist:30fEdZPXgWfC4sNttcyB3C,"['argentine rock', 'latin alternative', 'latin rock', 'rock en espanol', 'rock nacional']",62,1334832
117,spotify:artist:27T030eWyCQRmDyuvr1kxY,"['album rock', 'german hard rock', 'german metal', 'german rock', 'hard rock', 'metal', 'rock']",73,5851726
118,spotify:artist:29kkCKKGXheHuoO829FxWK,"['album rock', 'classic rock', 'country rock', 'hard rock', 'mellow gold', 'rock', 'soft rock']",66,2284510
119,spotify:artist:0xliTEbFfy5HQHvsTknTkX,"['europop', 'new romantic', 'new wave', 'new wave pop', 'synthpop']",64,646678
120,spotify:artist:6byQKddO1b34lXC2ZEjehQ,"['argentine rock', 'latin alternative', 'latin rock', 'post-punk argentina', 'rock en espanol', 'rock nacional']",67,1188150
121,spotify:artist:05Q9xndTxhXhD5trpmTtfU,"['latin classical', 'tango']",50,166544
122,spotify:artist:0RA00V1O1yXoBBJTV0S7xQ,['pop argentino'],25,21444
123,spotify:artist:2ao7Jx5TiinWuCtz6Lig4g,['cumbia villera'],45,17686
124,spotify:artist:2kreKea2n96dXjcyAU9j5N,"['dance pop', 'disco', 'girl group', 'hi-nrg', 'mellow gold', 'new wave pop', 'soft rock']",62,857018
125,spotify:artist:79bxUQsBIXO8nVLB9fYKf7,"['eurodance', 'europop', 'german pop', 'synthpop']",66,1105981
126,spotify:artist:2HvyR5FsU37QMqVzIbGwl7,"['cantautor', 'folclore tucumano', 'folklore argentino', 'nueva cancion', 'rock en espanol', 'rock nacional', 'trova']",59,792517
127,spotify:artist:19xz1vcuKNjniGEftTOSSH,"['disco', 'hi-nrg']",56,137386
128,spotify:artist:19xz1vcuKNjniGEftTOSSH,"['disco', 'hi-nrg']",56,137386
129,spotify:artist:6zFYqv1mOsgBRQbae3JJ9e,"['classic rock', 'mellow gold', 'piano rock', 'rock', 'singer-songwriter', 'soft rock']",77,4653010
130,spotify:artist:1WPcVNert9hn7mHsPKDn7j,"['chanson', 'torch song', 'vintage schlager']",60,941683
131,spotify:artist:1WPcVNert9hn7mHsPKDn7j,"['chanson', 'torch song', 'vintage schlager']",60,941683
132,spotify:artist:1WPcVNert9hn7mHsPKDn7j,"['chanson', 'torch song', 'vintage schlager']",60,941683
133,spotify:artist:1WPcVNert9hn7mHsPKDn7j,"['chanson', 'torch song', 'vintage schlager']",60,941683
134,spotify:artist:61zv3hX7l838ZyhaDyAx8S,[],48,37399
135,spotify:artist:74oJ4qxwOZvX6oSsu1DGnw,"['album rock', 'art rock', 'blues rock', 'classic rock', 'folk rock', 'hard rock', 'psychedelic rock', 'rock', 'roots rock', 'supergroup']",62,2020589
136,spotify:artist:6mdiAmATAx73kdxrNrnlao,"['hard rock', 'metal', 'nwobhm', 'rock']",74,7775029
137,spotify:artist:5T8mnUF3cgWsUZd2SWRlxB,[],35,491
138,spotify:artist:3oDbviiivRWhXwIE8hxkVV,"['baroque pop', 'brill building pop', 'classic rock', 'psychedelic rock', 'rock', 'sunshine pop']",72,3845514
139,spotify:artist:2y8Jo9CKhJvtfeKOsYzRdT,"['mellow gold', 'soft rock']",72,3806475
140,spotify:artist:3dOfwznaY7FEKpF8aw1q9i,"['argentine rock', 'latin alternative', 'latin rock', 'rock en espanol', 'rock nacional']",47,82050
141,spotify:artist:37MCoi4pcUf9EKsPXeuCqU,"['argentine rock', 'argentine telepop', 'latin alternative', 'latin rock', 'rock en espanol']",62,538731
142,spotify:artist:3sc7iUG1Wwpwx7bHeZolgx,"['dance pop', 'disco', 'europop', 'girl group', 'hi-nrg', 'new romantic', 'new wave', 'new wave pop', 'soft rock']",57,656348
143,spotify:artist:79bxUQsBIXO8nVLB9fYKf7,"['eurodance', 'europop', 'german pop', 'synthpop']",66,1105981
144,spotify:artist:79bxUQsBIXO8nVLB9fYKf7,"['eurodance', 'europop', 'german pop', 'synthpop']",66,1105981
145,spotify:artist:0Suv0tRrNrUlRzAy8aXjma,"['bubblegum dance', 'eurodance', 'europop', 'hip house']",62,274210
146,spotify:artist:7jndhVwt15TAfplhIp39rO,[],41,4573
147,spotify:artist:6Q6qTNC2rAegcR5QjzcRgE,"['argentine rock', 'cumbia villera', 'rock en espanol']",59,749538
148,spotify:artist:3EhbVgyfGd7HkpsagwL9GS,"['album rock', 'classic rock', 'detroit rock', 'glam metal', 'glam rock', 'hard rock', 'metal', 'protopunk', 'rock']",64,3165715
149,spotify:artist:72OaDtakiy6yFqkt4TsiFt,"['dance pop', 'hollywood', 'new wave pop', 'pop']",68,2701397
150,spotify:artist:57zdSImRVdyfT1Ol0mmlWo,[],29,20924
151,spotify:artist:57zdSImRVdyfT1Ol0mmlWo,[],29,20924
152,spotify:artist:57zdSImRVdyfT1Ol0mmlWo,[],29,20924
153,spotify:artist:37zUz0gjTaNCWTOymnuWGG,"['cuarteto', 'cumbia villera']",53,276293
154,spotify:artist:37zUz0gjTaNCWTOymnuWGG,"['cuarteto', 'cumbia villera']",53,276293
155,spotify:artist:6tbjWDEIzxoDsBA1FuhfPW,"['dance pop', 'pop']",78,6421453
156,spotify:artist:1HY2Jd0NmPuamShAr6KMms,"['art pop', 'dance pop', 'pop']",85,23513563
157,spotify:artist:0iF2gedsSjoVHRUh5vXSdu,['circus'],47,108197
158,spotify:artist:7dGJo4pcD2V6oG8kP0tJRR,"['detroit hip hop', 'hip hop', 'rap']",91,60574307
159,spotify:artist:6ZyOle5O4r39i22AnY19Mk,"['folklore argentino', 'folklore cuyano']",28,8290
160,spotify:artist:7vnVFdROvKw2FdpXRxTtlV,['zamba'],22,2252
161,spotify:artist:3TINnlLcMBQA88OoalsvYR,"['cumbia paraguaya', 'cumbia villera']",53,340742
162,spotify:artist:3TINnlLcMBQA88OoalsvYR,"['cumbia paraguaya', 'cumbia villera']",53,340742
163,spotify:artist:3koiLjNrgRTNbOwViDipeA,"['classic soul', 'funk', 'indie r&b', 'motown', 'northern soul', 'quiet storm', 'soul']",73,4731323
164,spotify:artist:7slfeZO9LsJbWgpkIoXBUJ,"['dance pop', 'latin pop', 'mexican pop', 'puerto rican pop']",74,6888167
165,spotify:artist:1mbgj8ERPs8lWi7t5cYrdy,"['chanson', 'french jazz', 'nouvelle chanson francaise']",63,1353404
166,spotify:artist:1G1mX30GpUJqOr1QU2eBSs,"['new romantic', 'new wave', 'new wave pop', 'synthpop']",57,492096
167,spotify:artist:6CY5pbdf5XDjkJf8lAaljU,['italian disco'],33,7459
168,spotify:artist:7r4Bb7uhP2AhJ4qlRp2vgP,"['tango', 'tango cancion', 'vintage tango']",34,24066
169,spotify:artist:26bcq2nyj5GB7uRr558iQg,"['album rock', 'hard rock', 'rock', 'soft rock']",68,903850
170,spotify:artist:19xz1vcuKNjniGEftTOSSH,"['disco', 'hi-nrg']",56,137386
171,spotify:artist:1xivtET7hPQUzwgnLRQfEP,"['pop flamenco', 'rumba']",54,218256
172,spotify:artist:1VDurPMbOKrNU8mcMP4X1P,"['disco', 'funk', 'post-disco', 'quiet storm', 'urban contemporary']",49,123156
173,spotify:artist:6zFYqv1mOsgBRQbae3JJ9e,"['classic rock', 'mellow gold', 'piano rock', 'rock', 'singer-songwriter', 'soft rock']",77,4653010
174,spotify:artist:4D0CepDROoLM09ht1sM5cu,['new age'],56,338956
175,spotify:artist:1zuJe6b1roixEKMOtyrEak,"['disco', 'new wave pop', 'soft rock']",69,3118475
176,spotify:artist:1zuJe6b1roixEKMOtyrEak,"['disco', 'new wave pop', 'soft rock']",69,3118475
177,spotify:artist:1zuJe6b1roixEKMOtyrEak,"['disco', 'new wave pop', 'soft rock']",69,3118475
178,spotify:artist:1zuJe6b1roixEKMOtyrEak,"['disco', 'new wave pop', 'soft rock']",69,3118475
179,spotify:artist:58lV9VcRSjABbAbfWS6skp,"['glam metal', 'rock']",78,11329509
180,spotify:artist:7An4yvF7hDYDolN4m5zKBp,"['argentine rock', 'latin alternative', 'latin rock', 'post-punk argentina', 'rock en espanol', 'ska argentino']",74,7151830
181,spotify:artist:2eogQKWWoohI3BSnoG7E2U,"['dance pop', 'disco', 'hi-nrg', 'new wave pop']",64,1608888
182,spotify:artist:0Dy32zfSrQ332Bz8wsthKJ,['argentine rock'],59,1783581
183,spotify:artist:2hl0xAkS2AIRAu23TVMBG1,"['album rock', 'art rock', 'classic rock', 'hard rock', 'heartland rock', 'mellow gold', 'progressive rock', 'rock', 'soft rock', 'symphonic rock']",66,1287338
184,spotify:artist:6ABhpEk6lSChZFd268br7Q,[],11,615
185,spotify:artist:72KyoXzp0NOQij6OcmZUxk,"['australian rock', 'rock']",60,683521
186,spotify:artist:71kSWeYFioviuty6e3aj5k,"['futurepop', 'neo-synthpop']",35,26805
187,spotify:artist:1cf0sI5xmIozfrJXUWcRYo,['spanish invasion'],29,28943
188,spotify:artist:21o0KNjooi1XjygW6V70NM,"['argentine rock', 'latin alternative', 'latin rock', 'post-punk argentina', 'rock en espanol', 'rock nacional']",55,208638
189,spotify:artist:235Vf4hkmwvxjVEMuCbRxm,"['argentine rock', 'cuarteto', 'cumbia villera', 'rock en espanol']",60,1400370
190,spotify:artist:3HkXD1NjyvV3kBrrREjGrC,['nuevo tango'],6,915
191,spotify:artist:2BTZIqw0ntH9MvilQ3ewNY,"['disco', 'new wave pop', 'permanent wave', 'soft rock']",70,2120085
192,spotify:artist:5IQFLz9g7xdgHtw8BKa96y,['broadway'],32,8453
193,spotify:artist:6Cv7YpJ01y71mdgm4szmU2,['cumbia pop'],52,272117
194,spotify:artist:1LsXqDdYVyONhrjAORENbu,"['europop', 'zouk']",55,47115
195,spotify:artist:5wsBGjgRsASMggXLPF7pYm,"['bubblegum dance', 'eurodance', 'europop', 'happy hardcore', 'hip house']",53,87551
196,spotify:artist:2DmYtFBKcxb3ajwWWgA576,"['latin pop', 'mexican pop', 'ranchera', 'rock en espanol']",68,2291286
197,spotify:artist:5Il8YjuVAWkWNH2xgjFMpF,"['epicore', 'scorecore', 'soundtrack', 'video game music']",57,165701
198,spotify:artist:03GruNQP8X25PCoWzdvIGZ,"['german soundtrack', 'orchestral soundtrack', 'soundtrack']",62,106411
199,spotify:artist:4fvx4LuypijTSOQOBNJzqQ,"['classify', 'pop violin']",28,2887
200,spotify:artist:6jtBO3EoN7DkREJimtepzS,[],5,178
201,spotify:artist:58lV9VcRSjABbAbfWS6skp,"['glam metal', 'rock']",78,11329509
202,spotify:artist:2y8Jo9CKhJvtfeKOsYzRdT,"['mellow gold', 'soft rock']",72,3806475
203,spotify:artist:2MLiASzGQHVMyORIApRGsp,"['argentine reggae', 'argentine rock', 'latin alternative', 'latin rock', 'rock en espanol', 'rock nacional', 'ska argentino']",50,439136
204,spotify:artist:0WwSkZ7LtFUFjGjMZBMt6T,"['album rock', 'classic rock', 'mellow gold', 'rock', 'soft rock']",75,6109261
205,spotify:artist:26bcq2nyj5GB7uRr558iQg,"['album rock', 'hard rock', 'rock', 'soft rock']",68,903850
206,spotify:artist:6ABhpEk6lSChZFd268br7Q,[],11,615
207,spotify:artist:27T030eWyCQRmDyuvr1kxY,"['album rock', 'german hard rock', 'german metal', 'german rock', 'hard rock', 'metal', 'rock']",73,5851726
208,spotify:artist:27T030eWyCQRmDyuvr1kxY,"['album rock', 'german hard rock', 'german metal', 'german rock', 'hard rock', 'metal', 'rock']",73,5851726
209,spotify:artist:7qQJQ3YtcGlqaLg5tcypN2,"['adult standards', 'brill building pop', 'bubblegum pop', 'rock-and-roll', 'rockabilly']",56,282015
210,spotify:artist:6ABhpEk6lSChZFd268br7Q,[],11,615
211,spotify:artist:2QOIawHpSlOwXDvSqQ9YJR,"['baroque', 'classical', 'early music', 'italian baroque']",70,2048911
212,spotify:artist:6IYnSXO40Bh7Zdqhf6rQoj,"['classic canadian rock', 'new wave pop']",55,86781
213,spotify:artist:7xF6Psrf6yNOBkB9jpMRa0,[],47,12637
214,spotify:artist:4P70aqttdpJ9vuYFDmf7f6,"['cyberpunk', 'synthesizer']",59,524328
215,spotify:artist:1dfeR4HaWDbWqFHLkxsg1d,"['classic rock', 'glam rock', 'rock']",85,43254583
216,spotify:artist:1dfeR4HaWDbWqFHLkxsg1d,"['classic rock', 'glam rock', 'rock']",85,43254583
217,spotify:artist:1dfeR4HaWDbWqFHLkxsg1d,"['classic rock', 'glam rock', 'rock']",85,43254583
218,spotify:artist:43PjjBbR7LawCx75hCbLmn,['cumbia pop'],45,132774
219,spotify:artist:43PjjBbR7LawCx75hCbLmn,['cumbia pop'],45,132774
220,spotify:artist:4V8Sr092TqfHkfAA5fXXqG,"['latin pop', 'puerto rican pop']",75,10649759
221,spotify:artist:5aIqB5nVVvmFsvSdExz408,"['baroque', 'classical', 'early music', 'german baroque']",77,3735569
222,spotify:artist:1nIUhcKHnK6iyumRyoV68C,"['classic soundtrack', 'italian soundtrack', 'orchestral soundtrack', 'vintage italian soundtrack']",65,947669
223,spotify:artist:6wBOZ9D65AcqUlfKUqsQ7R,['classify'],53,154853
224,spotify:artist:0LyfQWJT6nXafLPZqxe9Of,[],0,1612941
225,spotify:artist:7G1GBhoKtEPnP86X2PvEYO,"['jazz blues', 'soul', 'soul jazz', 'torch song', 'vocal jazz']",68,2447780
226,spotify:artist:0rEPA60vS71xXQhNZ8J1N7,[],15,159
227,spotify:artist:1hrrhEyMSe7otCwuVTm5Ej,[],0,51
228,spotify:artist:42TFhl7WlMRXiNqzSrnzPL,"['art rock', 'classic rock', 'glam rock', 'permanent wave', 'psychedelic rock', 'rock', 'singer-songwriter']",62,1573474
229,spotify:artist:5nkYRuiIHg2xXHFC8bfosJ,"['dance pop', 'eurodance', 'hands up', 'italo dance', 'pop dance']",62,396040
230,spotify:artist:4NGiEU3Pkd8ASRyQR30jcA,"['acoustic pop', 'neo mellow', 'pop rock']",57,358787
231,spotify:artist:70cRZdQywnSFp9pnc2WTCE,"['classic rock', 'folk', 'folk rock', 'melancholia', 'mellow gold', 'rock']",71,4294750
232,spotify:artist:70cRZdQywnSFp9pnc2WTCE,"['classic rock', 'folk', 'folk rock', 'melancholia', 'mellow gold', 'rock']",71,4294750
233,spotify:artist:31GFatrHl2ijnS4ZAWA9s0,['chanson'],47,182892
234,spotify:artist:0VtUo7KpkeFx3zwTmSwNQl,['french pop'],37,17797
235,spotify:artist:1TiGxAkU8w0xBCVFOP6Ttl,"['cancion melodica', 'cantautor', 'pop romantico', 'spanish pop']",47,191494
236,spotify:artist:4ZP3CHz28XWVLGiaVVWuLj,"['chanson', 'chanson virale', 'french pop', 'french reggae', 'french rock']",53,474711
237,spotify:artist:4zZpzWYJaB1flhTV6UueQq,"['celtic', 'gaita', 'musica folk asturiana']",34,32680
238,spotify:artist:2eEmsgWmUFMbtU7agJpnjY,"['electronica argentina', 'latin alternative', 'latin pop', 'pop electronico', 'rock en espanol']",68,890256
239,spotify:artist:41X1TR6hrK8Q2ZCpp2EqCz,"['canadian hip hop', 'dark trap', 'vapor trap']",75,1123882
240,spotify:artist:6jBoGQrIq53YHEI7nnaqr5,[],6,129
241,spotify:artist:329e4yvIujISKGKz1BZZbO,"['latin hip hop', 'reggaeton', 'trap latino']",85,14165635
242,spotify:artist:0OWtaM1z81DliQXntU4KaN,"['sertanejo', 'sertanejo pop', 'sertanejo universitario']",48,1603744
243,spotify:artist:4wngxtsP87ozrQh05D90dO,"['francoton', 'french pop']",54,368811
244,spotify:artist:7n2wHs1TKAczGzO7Dd2rGr,"['canadian pop', 'dance pop', 'pop', 'viral pop']",85,39579574
245,spotify:artist:7HL4id2U7FSDJtfKQHMgQx,"['album rock', 'glam metal', 'hard rock', 'metal', 'rock']",59,1451386
246,spotify:artist:4FmJD0mpgQ70SNt2EKK8tq,['irish metal'],61,210118
247,spotify:artist:6v8wyMs1hKeRXrwJF6DVtu,[],49,1659
248,spotify:artist:6v8wyMs1hKeRXrwJF6DVtu,[],49,1659
249,spotify:artist:04sHHRws8Q7apGxRnUnjQs,['slap house'],55,4556
250,spotify:artist:26BL0aeVS96sje8JfCNfUk,"['chicha', 'cumbia', 'folclor afrocolombiano', 'latin alternative', 'porro']",53,109415
251,spotify:artist:0L8ExT028jH3ddEcZwqJJ5,"['alternative rock', 'funk metal', 'funk rock', 'permanent wave']",83,18540718
252,spotify:artist:0L8ExT028jH3ddEcZwqJJ5,"['alternative rock', 'funk metal', 'funk rock', 'permanent wave']",83,18540718
253,spotify:artist:0L8ExT028jH3ddEcZwqJJ5,"['alternative rock', 'funk metal', 'funk rock', 'permanent wave']",83,18540718
254,spotify:artist:0L8ExT028jH3ddEcZwqJJ5,"['alternative rock', 'funk metal', 'funk rock', 'permanent wave']",83,18540718
255,spotify:artist:2MSlGNpwXDScUdspOK6TS7,['a cappella'],58,318948
256,spotify:artist:2ycnb8Er79LoH2AsR5ldjh,"['art pop', 'dance rock', 'europop', 'new romantic', 'new wave', 'new wave pop', 'permanent wave', 'synthpop']",67,1457542
257,spotify:artist:30fEdZPXgWfC4sNttcyB3C,"['argentine rock', 'latin alternative', 'latin rock', 'rock en espanol', 'rock nacional']",62,1334832
258,spotify:artist:2ydE5oBt6cwsDxH1TpIFmO,"['argentine rock', 'folclore salteno', 'folklore argentino']",56,514292
259,spotify:artist:7etM46AS8HLTharyt6Xrvc,['variete francaise'],18,322
260,spotify:artist:716NhGYqD1jl2wI1Qkgq36,"['argentine hip hop', 'pop venezolano', 'trap argentino']",86,7449300
261,spotify:artist:2Htm0q72SjGSmsy8EOIhRG,"['cumbia santafesina', 'cumbia villera']",65,1558999
262,spotify:artist:3o42Mj5a6vwbelxOjuWq9e,[],29,1245
263,spotify:artist:2Htm0q72SjGSmsy8EOIhRG,"['cumbia santafesina', 'cumbia villera']",65,1558999
264,spotify:artist:6wAk3K9nxqR0pTLGLctzQu,['cumbia villera'],49,109547
265,spotify:artist:09jut908wvFm55SqnO4DN3,[],35,14032
266,spotify:artist:716NhGYqD1jl2wI1Qkgq36,"['argentine hip hop', 'pop venezolano', 'trap argentino']",86,7449300
267,spotify:artist:6uoCxvVS2fLjOaxa2AwA09,[],30,1801
268,spotify:artist:2rc78XDH9zuJP6bm78lU8Z,"['album rock', 'art rock', 'blues', 'blues rock', 'british blues', 'classic rock', 'country rock', 'electric blues', 'folk rock', 'hard rock', 'mellow gold', 'psychedelic rock', 'rock', 'roots rock', 'singer-songwriter', 'soft rock', 'symphonic rock']",59,596232
269,spotify:artist:6GSJbZPnvTKjFb9smrirt6,[],15,83
270,spotify:artist:4ObfuflhB2SBr5rxekhV6P,['ye ye'],38,15540
271,spotify:artist:2hgP9Ap2tc10R5jrQaEpMT,['chanson'],62,1070685
272,spotify:artist:5C2ILE4DWY1vzn1NPxJOag,"['classic soundtrack', 'french soundtrack', 'soundtrack']",40,17452
273,spotify:artist:6bebPrkEPr2xEkiHP3QkNT,"['francoton', 'french pop']",51,412798
274,spotify:artist:0oE1QxknblYdWQt51QjyrG,"['broadway', 'show tunes']",31,2302
275,spotify:artist:3i3ZiJGsP5tkz69ad7Mbie,[],32,9482
276,spotify:artist:7jgnJBnpZTiGnCF2Wvka2Z,"['chanson', 'francoton', 'french pop']",53,524245
277,spotify:artist:0hkFv9719WLJ2uupZTn0ru,"['folklore boliviano', 'musica andina']",42,66807
278,spotify:artist:43JZjapoSHGJCjXhPdKRZb,"['folclore jujeno', 'folklore nuevo argentino']",27,3417
279,spotify:artist:2Sz8EIKuYbqFcWxUmlT0Fp,[],27,228
280,spotify:artist:1oXtLNYfNMQLxWsatCTCCn,"['chanson', 'french pop']",53,280115
281,spotify:artist:0VR2A5qds1d6HNhhCJ7HiI,[],10,89
282,spotify:artist:4S9EykWXhStSc15wEx8QFK,['canadian pop'],74,6657621
283,spotify:artist:0oW7WNHDC1tqLU3urqLKbC,[],48,12898
284,spotify:artist:54dMUKYehjDTa4QPHikdy1,[],35,489
285,spotify:artist:1Cs0zKBU1kc0i8ypK3B9ai,"['big room', 'dance pop', 'edm', 'pop', 'pop dance']",90,24873496
286,spotify:artist:3iMzbvXlgNUpoFccD60bvr,"['eurodance', 'italo dance']",67,82580
287,spotify:artist:25sJFKMqDENdsTF7zRXoif,"['edm', 'german dance', 'pop dance', 'pop house']",66,104461
288,spotify:artist:6QMABvTzixnxzsLYyhqRxI,"['house', 'pop dance', 'tropical house', 'uk dance']",65,46472
289,spotify:artist:1qto4hHid1P71emI6Fd8xi,"['bachata', 'bachata dominicana', 'latin hip hop', 'latin pop', 'trap latino', 'tropical']",78,6508474
290,spotify:artist:0lLZuPpTtNi5DxZ9QhiReO,['cumbia villera'],38,18657
291,spotify:artist:6OWapcJm9xd55ci9CYbAuT,['roots rock'],58,131077
